{"cameraMode":{"drawMode":0,"name":"Shaded","section":"Shading Mode"},"sceneLighting":false,"audioPlay":false,"sceneViewState":{"showFog":true,"showMaterialUpdate":false,"showSkybox":false,"showFlares":true,"showImageEffects":true,"showParticleSystems":true},"in2DMode":false,"pivot":{"x":-3.509999990463257,"y":0.20000000298023225,"z":-3.5399999618530275},"rotation":{"x":0.33716514706611636,"y":-0.16408714652061463,"z":0.059808552265167239,"w":0.9251043796539307},"size":2.2013747692108156,"orthographic":true}