{"cameraMode":{"drawMode":0,"name":"Shaded","section":"Shading Mode"},"sceneLighting":false,"audioPlay":false,"sceneViewState":{"showFog":true,"showMaterialUpdate":false,"showSkybox":false,"showFlares":true,"showImageEffects":true,"showParticleSystems":true},"in2DMode":false,"pivot":{"x":-0.009999990463256836,"y":0.690000057220459,"z":-3.569999933242798},"rotation":{"x":0.33716514706611636,"y":-0.16408714652061463,"z":0.059808552265167239,"w":0.9251043796539307},"size":4.5431294441223148,"orthographic":true}