{"cameraMode":{"drawMode":0,"name":"Shaded","section":"Shading Mode"},"sceneLighting":false,"audioPlay":false,"sceneViewState":{"showFog":true,"showMaterialUpdate":false,"showSkybox":false,"showFlares":true,"showImageEffects":true,"showParticleSystems":true},"in2DMode":false,"pivot":{"x":639.851318359375,"y":422.0,"z":-4.350000381469727},"rotation":{"x":0.0029043839313089849,"y":0.7949244976043701,"z":-0.6066895127296448,"w":0.0038165657315403225},"size":144.7530975341797,"orthographic":true}